"id","site","job_url","job_url_direct","title","company","location","date_posted","job_type","salary_source","interval","min_amount","max_amount","currency","is_remote","job_level","job_function","listing_type","emails","description","company_industry","company_url","company_logo","company_url_direct","company_addresses","company_num_employees","company_revenue","company_description"
"go-8XbOWsyEaVyxdyQwAAAAAA==","google","https://de.linkedin.com/jobs/view/internship-investment-data-science-at-ansa-capital-management-gmbh-4146077441?utm_campaign=google_jobs_apply&utm_source=google_jobs_apply&utm_medium=organic","","Internship Investment Data Science","ansa capital management GmbH","Frankfurt, Alemanha","2025-02-06","internship","","","","","",False,"","","","info@ansa.de","üöÄ Exciting Internship Opportunity: Investment Data Science at ansa capital management! üöÄ

Are you passionate about data science, machine learning, and financial markets? Do you want to work at the intersection of quantitative investing and cutting-edge AI models? If so, this is your chance to make an impact!

About the Role

As an Intern in Investment Data Science at ansa capital management, you will collaborate closely with our Portfolio Management Team on research projects that apply machine learning for alpha and risk forecasting. You will gain hands-on experience, receive mentorship from experienced managers, and contribute to developing superior investment strategies.

Your Profile

‚úî Currently pursuing a degree in Data Science, Mathematics, Statistics, Physics, Economics, or Finance

‚úî Proficiency in Python and modern data science frameworks

‚úî Experience with custom neural networks in PyTorch is a plus

‚úî Interest in capital market research and financial data modeling

‚úî Availability for 3‚Äì6 months

‚úî Basic German knowledge preferred

Why ansa?

We are an independent, owner-managed investment boutique, dedicated to combining decades of quantitative investment expertise with the limitless potential of data science. If you thrive in an entrepreneurial, high-performance environment, this is the place for you!

üì© Apply now!

We look forward to your application. Contact us at info@ansa.de or visit www.ansa.de for more information.

#Internship #DataScience #MachineLearning #SystematicInvesting #Hedgefunds #Quant #Frankfurt","","","","","","","",""
"go-haGfBd7vyfO7iGidAAAAAA==","google","https://www.jobteaser.com/da/job-offers/52b4f70a-8f48-4f43-a0ff-45becb471ae4-deutsche-lufthansa-ag-internship-communication-marketing-in-data-and-analytics-department?utm_campaign=google_jobs_apply&utm_source=google_jobs_apply&utm_medium=organic","","Internship Communication & Marketing in Data and Analytics Department","Deutsche Lufthansa AG","Frankfurt, Alemanha","2025-02-03","fulltime, internship","","","","","",False,"","","","","Internship Communication & Marketing in Data and Analytics Department

If you are creative & people-oriented, love to communicate, have a great eye for marketing concepts, and have a strong interest in planning and structuring processes and organizations, this internship is a perfect match for you!

The internship is scheduled to start in June 2025 for 6 months. The internship is compensated.

Facts
‚Ä¢ Location
Frankfurt / Main
‚Ä¢ Employment level
University internship
‚Ä¢ Function
Communication / PR
‚Ä¢ Working time
Full time
‚Ä¢ Publishing date
02-03-2025
‚Ä¢ Application deadline
04-03-2025

Tasks

We are looking for support in marketing & communications for our Data & Analytics department. Your responsibilities will include promoting our range of products & services, enhancing internal and external communications, event planning and more.
‚Ä¢ Support us in marketing, communication, or PR topics
‚Ä¢ Support us in creating a culture for communication and collaboration in our department and neighboring departments
‚Ä¢ Present our products & services in an attractive format
‚Ä¢ Support us in organizational and planning topics
‚Ä¢ Work together with project teams & be part of success-stories
‚Ä¢ Publish content in various formats & channels
‚Ä¢ Help organize events and workshops
‚Ä¢ Support our sister-teams and stakeholders in related topics

PLEASE NOTE: Your tasks will not be in the field of data & analytics - you will support our data and analytics teams in marketing & communications topics.

Benefits

Free parking, Canteen (subsidized by employer), Jobticket / Subsidized public transport, Discounts / shopping, Employee events (summer festivals, participation in sports competitions etc), Flexible working hours

Requirements

Please ensure that you meet the following requirements.
‚Ä¢ At the date of the internship you have completed the third semester
‚Ä¢ Enrollment for the entire period of the internship (current enrollment certificate and certificate of mandatory internship must be attached to the application) or internship between the Bachelor and Master studies (Gap Year)
‚Ä¢ Proficiency in English and German (the ability to write and speak both languages in a work environment)
‚Ä¢ Proficiency in Office 365 applications
‚Ä¢ Experience in creating content and publishing in several channels and formats (e.g. internal websites, Teams-channels and other collaboration tools)
‚Ä¢ Excellent time-management and organisational skills
‚Ä¢ The ability to initiate and prioritise tasks in a self-directed manner

For further information please see our FAQs.

Company

About Deutsche Lufthansa AG
The Lufthansa Group is an aviation group with operations worldwide. It plays a leading role in its European home market. It plays a leading role in its European home market. With 96,677 employees, the Lufthansa Group generated revenue of EUR 35,442m in the financial year 2023. Deutsche Lufthansa AG is organized into the business segments Network Airlines, Point-to-Point Airlines, the Aviation Services segment with the business segments Logistics, MRO and the other companies and Group functions.

www.lufthansa.com","","","","","","","",""
"go-NKoYNJRMWgwiw7gaAAAAAA==","google","https://de.linkedin.com/jobs/view/praktikum-data-engineer-im-bereich-advanced-analytics-m-w-d-%E2%80%93-deutschlandweit-at-simon-kucher-3881546643?utm_campaign=google_jobs_apply&utm_source=google_jobs_apply&utm_medium=organic","","Praktikum Data Engineer im Bereich Advanced Analytics (m/w/d) ‚Äì deutschlandweit","Simon-Kucher","Frankfurt, Alemanha","2025-01-24","","","","","","",False,"","","","","Praktikum Data Engineer im Bereich Advanced Analytics (m/w/d)

In Deutschland - Berlin | Bonn | Frankfurt/Main | Hamburg | K√∂ln | M√ºnchen

Du willst Praxiserfahrung in einer internationalen Unternehmensberatung sammeln? Bei uns kannst du dein Interesse an Wirtschaftsthemen mit deinen analytischen F√§higkeiten verbinden! Werde f√ºr mindestens 10 Wochen Teil eines au√üergew√∂hnlichen Teams. Was uns besonders macht: ein starker Unternehmergeist und jede Menge Gestaltungsfreiheit.

Der Advanced Analytics Bereich bei Simon-Kucher konzentriert sich auf die Entwicklung von Best-in-Class-Ans√§tzen und -Modellen, um mit Hilfe von maschinellem Lernen und fortgeschrittener Analytik komplexe Gesch√§ftsprobleme zu l√∂sen. Bei uns wirst du ein integraler Bestandteil der Projektteams sein, die das Wachstum unserer Kunden vorantreiben. W√§hrend deines Praktikums wirst du von unseren erfahrenen Kolleg:innen unterst√ºtzt und sammelst themenbezogene praktische Erfahrung.

Mehr von uns f√ºr dich:
‚Ä¢ Von Anfang an mit dabei: als fester Bestandteil eines Projektteams arbeitest du an spannenden Fragestellungen und nachhaltigen Wachstumsstrategien f√ºr unsere Kunden. In einem schnell wachsenden internationalen Unternehmen mit Start-up-Atmosph√§re kannst du eine steile Lernkurve erwarten.
‚Ä¢ Pers√∂nliche Weiterentwicklung: profitiere von regelm√§√üigen Feedbackgespr√§chen und bringe deine individuelle Perspektive in unsere Unternehmenskultur ein. Zus√§tzlich erh√§ltst du einen einj√§hrigen kostenfreien Zugang zu LinkedIn Learning, den du auch nach deinem Praktikum nutzen kannst.
‚Ä¢ Du hast die Wahl: entscheide dich f√ºr eines unserer deutschen Offices
‚Ä¢ Gut umsorgt: mit gesunden Snacks und Getr√§nken in unseren Offices
‚Ä¢ Easy von A nach B: profitiere von unserem monatlichen Zuschuss f√ºr deine (private) Mobilit√§t, nutzbar f√ºr Taxi, Bahn, Carsharing u.v.m.
‚Ä¢ Gemeinsam feiern: vernetze dich bei regelm√§√üigen Mitarbeitenden-Events mit unseren Kolleg:innen
‚Ä¢ Dein Praktikum als Karrierestart: M√∂glichkeiten zum Festeinstieg nach deinem Praktikum
‚Ä¢ Gemeinsam wachsen: Nachhaltig und langfristig! Darum dreht sich alles bei Simon-Kucher. Unsere St√§rke: ein mitrei√üendes, hoch motiviertes und sympathisches Team. Und jetzt kommst du: mitten hinein in die offene, wertsch√§tzende Start-up-Atmosph√§re eines etablierten Unternehmens mit √ºber 30-j√§hriger Erfolgsgeschichte.

Hier bewegst du was:
‚Ä¢ Gemeinsam im Team entwickelst du datenbasierte L√∂sungen f√ºr vielf√§ltige Fragestellungen und nutzt dabei gro√üer Datenmengen als Grundlage.
‚Ä¢ Dar√ºber hinaus bist du ma√ügeblich an der Implementierung datenbasierter L√∂sungen beteiligt, um unseren Kunden einen echten Mehrwert zu verschaffen.
‚Ä¢ Du arbeitest in unserem interdisziplin√§ren Team aus Data Scientists und Data Engineers an der Entwicklung von Dashboards und Data Pipelines f√ºr interne und externe Kunden.
‚Ä¢ Du ber√§tst unsere Kunden bei technologischen Entscheidungen (z.B. wie man robuste ETL-Prozesse und Datenvisualisierungen konzipiert, implementiert und automatisiert).
‚Ä¢ Du unterst√ºtzt unsere Kunden bei der Realisierung von Data Strategy, Data Governance und Data Processing Projekten.
‚Ä¢ Du arbeitest an aktuellen Fragestellungen im Zusammenhang mit Chatbots, GenAI und Machine Learning.

Hiermit begeisterst du:
‚Ä¢ Du studierst z.B. (Wirtschafts-) Informatik, Ingenieurwesen, (Wirtschafts-) Mathematik oder √§hnliches.
‚Ä¢ Der Umgang mit Python und/oder SQL bereitet dir keinerlei Schwierigkeiten.
‚Ä¢ Du hast bereits erste Erfahrung im Arbeiten mit gro√üen Datenmengen gesammelt und bist in der Lage, komplexe Datenbanken aufzubauen und zu pflegen.
‚Ä¢ Idealerweise bringst du auch erste Erfahrungen in der Automatisierung von ETL-Prozessen mit.
‚Ä¢ Du verf√ºgst √ºber Grundkenntnisse im Umgang mit relationalen Datenbanken und BI-Software (PowerBI, Tableau).
‚Ä¢ Du lernst schnell, bist von Natur aus wissbegierig und besitzt die F√§higkeit, komplexe Sachverhalte einfach zu erkl√§ren.
‚Ä¢ Deine Englisch- und Deutschkenntnisse sind verhandlungssicher.

√úber Simon-Kucher

Simon-Kucher ist eine globale Unternehmensberatung mit √ºber 2.000 Mitarbeitenden in 30 L√§ndern weltweit. Unser Fokus: ‚ÄûUnlocking Better Growth‚Äú. Wir helfen unseren Kunden, ‚Äûbesser‚Äú zu wachsen, indem wir jeden Aspekt ihrer Unternehmensstrategie optimieren, von Produkten und Preisen bis hin zu Innovation, Digitalisierung, Marketing und Vertrieb. Mit rund 40 Jahren Erfahrung in Monetarisierung und Pricing gelten wir als weltweit f√ºhrend in den Bereichen Preisberatung und Unternehmenswachstum.

Wir setzen uns f√ºr eine Unternehmenskultur ein, die Diversit√§t, Gleichstellung und Inklusion f√∂rdert ‚Äì und damit ein Umfeld der Anerkennung, das individuelle Entfaltung st√§rkt und den Beitrag eines jeden Einzelnen w√ºrdigt. So k√∂nnen wir weitreichende und positive Ver√§nderungen bewirken. Wertsch√§tzung und Anerkennung bef√§higen uns dazu, schneller zu wachsen, innovativer zu arbeiten und nachhaltigere Ergebnisse f√ºr alle zu erzielen ‚Äì f√ºr unsere Teams, unsere Kunden und unser Unternehmen.

Deine pers√∂nliche Ansprechpartnerin:

Sina Gassen

Willy-Brandt-Allee 13, 53113 Bonn

Tel. +49 (0)228 9843-0

Better growth starts here. With you.","","","","","","","",""
"go-uOBS_uv4g1wo_-f7AAAAAA==","google","https://de.trabajo.org/stellenangebot-2935-57bfe3681ca382dab0463ebcd9691746?utm_campaign=google_jobs_apply&utm_source=google_jobs_apply&utm_medium=organic","","‚ñ∑ In 3 Minuten erfolgreich bewerben Praktikum Data Science","Lidl Stiftung & Co KG","Frankfurt, Alemanha","2025-01-22","","","","","","",False,"","","","","Einleitung Eine gute Idee war der Ursprung, ein erfolgreiches Konzept ist das Ergebnis. Qualit√§t zum guten Preis m√∂glichst vielen Menschen anbieten zu k√∂nnen treibt uns an - mittlerweile weltweit, denn wir sind Lidl. Hier ist das berufliche Zuhause vielf√§ltiger Talente. Ob im Einkauf, in der Logistik, im Warengesch√§ft oder in der IT; ob als Impulsgeber, Gestalter oder Dienstleister der L√§nder. Wir suchen Anpacker, Durchstarter, M√∂glichmacher und bieten spannende Aufgaben und Projekte in einem dynamischen und internationalen Umfeld. Bei Lidl findet jeder seine pers√∂nliche Herausforderung. Denn Lidl lohnt sich. Deine Aufgaben Unterst√ºtzung unseres Data Science Teams f√ºr die Dauer von 4-6 Monaten bei der Erstellung von Datenprodukten, die komplexe Analyseaufgaben automatisieren Kennenlernen des Umgangs mit verschiedenen Big Data Technologien oder Machine Learning nach einer strukturierten Einarbeitung Mitarbeit bei der Datensammlung, der Aufbereitung und der explorativen Analyse sowie bei der Entwicklung von pr√§diktiven Modellen und deren Validierung im Praktikum Data Science Einbringen in die kontinuierliche Verbesserung unserer Entwicklungsmethoden und -produkte Unterst√ºtzung des Teams bei der √úbernahme von vielf√§ltigen Aufgaben in einem agilen Entwicklungsumfeld sowie Unterst√ºtzung im Tagesgesch√§ft Dein Profil Fortgeschrittenes Studium im Bereich (Wirtschafts-) Informatik, Mathematik / Statistik oder einem vergleichbaren Studiengang Grundlegende Kenntnisse in Statistik und Machine Learning Erste Erfahrungen mit Programmiersprachen f√ºr Data Science (Python, R, oder Scala) und idealerweise grundlegende Kenntnisse der Softwareentwicklung Erste Erfahrungen mit Datenbanken und SQL w√ºnschenswert Interesse an Machine Learning und Big Data und idealerweise erste Erfahrungen mit relevanten Tools (z.B. scikit-learn, Spark, Hive) Gute bis sehr gute Deutsch- sowie gute Englischkenntnisse Wir bieten Lidl legt Wert darauf, dass sich deine Zeit bei uns lohnt Deshalb kannst du bei uns nicht nur deine Finanzen aufbessern: Du gewinnst wertvolle Praxiseinblicke in ‚Äûdeinen‚Äú Fachbereich und lernst die Herausforderungen im Tagesgesch√§ft kennen. Dabei steht dir nicht nur w√§hrend der Einarbeitung ein fester Ansprechpartner zur Seite. Du hast zu jeder Zeit Zugriff auf das Expertenwissen deines festen Ansprechpartners und das Know-how deiner hilfsbereiten Kolleginnen und Kollegen. Lerne das kollegiale Umfeld und deine beruflichen M√∂glichkeiten bei Lidl kennen. Und nutze die Chance, dir ein erstes Karrierenetzwerk aufzubauen.","","","","","","","",""
"go-qVvcNW3ZBAaShLr1AAAAAA==","google","https://www.stepstone.de/stellenangebote--Praktikant-Data-Science-im-Bereich-pruefungsnahe-Beratung-Quants-Financial-Services-w-m-d-Frankfurt-Main-EY-Deutschland--11441667-inline.html?utm_campaign=google_jobs_apply&utm_source=google_jobs_apply&utm_medium=organic","","Praktikant Data Science im Bereich pr√ºfungsnahe Beratung / Quants (Financial Services) (w/m/d)","EY Deutschland","Frankfurt, Alemanha","2025-01-20","","","","","","",False,"","","","","Bei EY setzen wir alles daran, dass die Welt besser funktioniert. Daf√ºr hinterfragen wir t√§glich den Status quo und suchen schon heute die Antworten von morgen. Stillstand? Keine Option. Wandel? Sehen wir als Chance und Treiber f√ºr Innovation.

Wenn du auch so tickst, dann bist du bei uns genau richtig. Wir suchen Macher:innen, die Unternehmen, Entrepreneuren, Privatpersonen und der √∂ffentlichen Hand helfen, √ºber sich hinaus zu wachsen. Das erfordert Zusammenarbeit auf Augenh√∂he und das Verlassen ausgetretener Pfade. Diese beschreitest du als Teil von interdisziplin√§ren Teams - innovativ und multikulturell aufgestellt in Deutschland, Europa und der ganzen Welt.

Damit auch du pers√∂nlich und beruflich √ºber dich hinausw√§chst, begleiten wir dich auf deinem Karriereweg mit auf dich zugeschnittenen Arbeitsmodellen sowie Trainings- und Entwicklungsm√∂glichkeiten on- und off-the-Job. Das Tempo und Ziel auf deinem Weg bestimmst du selbst.

Das erwartet dich bei uns ‚Äì Erfahrungen, von denen du ein Leben lang profitierst

Unser Bereich Financial Services fokussiert sich auf Finanzdienstleistungen und unterst√ºtzt Banken, Versicherungen und Asset Manager dabei, in einer sich stets ver√§ndernden und schnelllebigen Welt erfolgreich zu sein. Im Umfeld bilanzieller, regulatorischer und marktbezogener Anforderungen arbeiten in dem Bereich Financial Accounting Advisory Services interdisziplin√§re Teams, die ganzheitlich ma√ügeschneiderte L√∂sungen f√ºr unsere Mandant:innen aus dem Finanzdienstleistungssektor entwickeln. Du verst√§rkst uns in Frankfurt/Main mit bilanzieller, aufsichtsrechtlicher und/oder quantitativer Expertise, um innovative Ideen f√ºr unsere Mandant:innen zu entwickeln und umzusetzen. Dabei √ºbernimmst du vielf√§ltige Aufgaben:
‚Ä¢ Mitwirkung bei der Beratung und Pr√ºfung nationaler und internationaler Unternehmen des Finanzsektors innerhalb einer quantitativ ausgebildeten, innovativen Expert:innengruppe
‚Ä¢ Unterst√ºtzung bei der Entwicklung kreativer L√∂sungen zur Nutzung unausgesch√∂pfter Datenpotenziale (z. B. Einsatz von Machine Learning)
‚Ä¢ Mitarbeit bei der Etablierung globaler, cloudbasierter Services f√ºr quantitative Themenstellungen (z. B. Pricing und Analyse gro√üer Portfolios von Finanzinstrumenten)
‚Ä¢ Modellierung und Automatisierung komplexer betriebswirtschaftlicher Zusammenh√§nge
‚Ä¢ Begleitung von Rechnungswesen und Risikomanagement auf dem Weg in die Finanzwelt der Zukunft

Das bringst du mit ‚Äì F√§higkeiten, mit denen du die Zukunft gestaltest
‚Ä¢ Studium mit quantitativem Schwerpunkt (z. B. Mathematik, Statistik, Physik, Informatik)
‚Ä¢ Erste Erfahrung im Bereich Datenanalyse (u. a. Machine Learning, Natural Language Processing)
‚Ä¢ Sicherer Umgang mit einer Programmiersprache (z. B. C++, Java, PHP, Python, Ruby) und/oder einem Datenbanksystem (z. B. SQL, SAS, MongoDB)
‚Ä¢ Flexibilit√§t und Offenheit f√ºr neue, abwechslungsreiche Herausforderungen
‚Ä¢ Sehr gute Kommunikationsf√§higkeiten in Deutsch und Englisch

Das bieten wir dir ‚Äì ein inspirierendes Arbeitsumfeld

Wir wissen: Erstklassiger Service f√ºr unsere Mandant:innen und Kund:innen beginnt bei zufriedenen und motivierten Mitarbeitenden. Deshalb reicht unser Angebot von flexiblen Arbeitsmodellen, Auslandeins√§tzen und Weiterbildungen √ºber Sport- und Freizeitangeboten bis hin zu Rabatten bekannter Marken und Anbieter sowie Altersvorsorge.

Erfahre mehr √ºber deine Benefits bei EY.

Du hast Lust was zu bewegen? Dann werde Teil unseres Teams.

Bewirb dich jetzt √ºber unser Jobportal: www.de.ey.com/karriere.
Mehr Informationen zum Bewerbungsprozess bei EY findest du auf unserer Karriereseite.
Deine Fragen beantwortet gerne unser Recruitment Center unter: +49 6196 996 10005.","","","","","","","",""
"go-3YwjJpFSdSPY9YP_AAAAAA==","google","https://www.adzuna.de/details/5007673982?utm_campaign=google_jobs_apply&utm_source=google_jobs_apply&utm_medium=organic","","Praktikantin Central Analytics (m/w/d)","Merz Aesthetics","Frankfurt, Alemanha","2025-01-12","","","","","","",False,"","","","","Merz Aesthetics ist ein unabh√§ngiges, international t√§tiges Unternehmen im Bereich der √§sthetischen Medizin. Unser umfassendes Produktportfolio geh√∂rt seit Jahren zu den qualitativ hochwertigsten innerhalb ihrer Kategorie und wird von Health Care Professionals weltweit gesch√§tzt. Wir von Merz Aesthetics sind Teil der Merz-Gruppe und haben unsere EMEA-Zentrale in Frankfurt am Main. Unser globales Headquarter befindet sich in Raleigh, North Carolina, USA. Tagt√§glich setzen wir uns mit mehr als 2.500 Mitarbeiter*innen in 26 L√§ndern daf√ºr ein, die Sch√∂nheit der Haut wiederherzustellen und zu erhalten. M√∂chtest Du Teil unserer Erfolgsgeschichte werden? Dann starte bei Merz Aesthetics!
‚Ä¢ Du begleitest die Entwicklung analytischer Methoden von innovativen, √§sthetischen Zubereitungen (z.B. dermalen Fillern), Medizinprodukten und Arzneimitteln
‚Ä¢ Du f√ºhrst analytische Pr√ºfungen, wie z.B. Gehaltsbestimmungen, Identit√§tsbestimmungen und Untersuchungen auf Verunreinigung durch
‚Ä¢ Du hast Spa√ü an instrumenteller Analytik und Chemie
‚Ä¢ Du erstellst die Qualit√§tsdokumentation unter Ber√ºcksichtigung nationaler und internationaler Regularien (GxP)
‚Ä¢ Du bearbeitest eigenst√§ndig Projekte
‚Ä¢ Du bist eingeschriebener Student und hast dein Pharmaziestudium mit dem 1. Staatsexamen erfolgreich beendet und willst einen Teil des praktischen Jahres nach dem 2. Staatsexamen in der Industrie absolvieren
oder Du durchl√§ufst ein anderes naturwissenschaftliches Studium und m√∂chtest ein 6-monatiges Praktikum in der Industrie absolvieren
‚Ä¢ Interesse f√ºr die pharmazeutische Industrie und insbesondere der Entwicklung und Umsetzung analytischer Methoden von Arzneimitteln und Medizinprodukten
‚Ä¢ Selbstst√§ndiges Arbeiten ist f√ºr dich selbstverst√§ndlich
‚Ä¢ Gute Englischkenntnisse in Wort und Schrift
‚Ä¢ Eigenst√§ndiger Umgang mit den MS Office Programmen

Mensch im Mittelpunkt: Bei Merz Aesthetics erwartet dich eine offene Arbeitskultur mit flachen Hierarchien und kurzen Entscheidungswegen. Du wirst mit Kolleg*innen aus der ganzen Welt zusammenarbeiten. Und wenn das Leben eine unerwartete Wendung nimmt und du Hilfe oder Rat brauchst, kannst du dich jederzeit auf unsere verschiedenen inner- und au√üerbetrieblichen Beratungsangebote verlassen.

Familie & Arbeit: Unsere Mitarbeiter*innen sollen ihr Privat-, Familien- und Berufsleben bestm√∂glich in Einklang bringen. Deshalb findest du an unseren Standorten zum Beispiel auch Betriebskinderg√§rten. In der Region EMEA wurden wir als ‚ÄûTop Employer‚Äú und ‚ÄûGreat Place to Work‚Äú f√ºr unsere hervorragende Personalpolitik und Arbeitskultur ausgezeichnet.

Ausgewogene Work-Life-Harmony: Unsere Lebenszeit ist kostbar, unser Alltagsrhythmus individuell. Damit du Arbeit und Freizeit in deinem Sinne vereinbaren kannst, setzen wir auf zeitgem√§√üe flexible Arbeitszeitmodelle. Wir bieten dir Gleitzeit und Vertrauensarbeitszeit sowie mobiles Arbeiten. Unsere Mitarbeiter*innen profitieren au√üerdem von gro√üz√ºgigen Urlaubsregelungen.

Weiterbildung: Deine pers√∂nliche und berufliche Entwicklung ist f√ºr uns der Schl√ºssel zum Erfolg. Deswegen f√ºhren wir regelm√§√üige Entwicklungsgespr√§che und bieten ein breites Spektrum an Management- und Fachschulungen, Softskill-Kursen, E-Learning-Kursen, Sprachkursen und Coachings an.

Erfahre mehr √ºber unsere Benefits unter https://careers.merz-aesthetics.com.

Wir freuen uns auf deine Bewerbung!","","","","","","","",""
"go-0RvJrmsoqtKEiwm7AAAAAA==","google","https://de.indeed.com/viewjob?jk=d7ca422e9d48d02a&utm_campaign=google_jobs_apply&utm_source=google_jobs_apply&utm_medium=organic","","Praktikum Data Science / Data Analytics & BI (w/m/d)","KPMG","Frankfurt, Alemanha","","","","","","","",False,"","","","recruiting@kpmg.com","Praktikum Data Science / Data Analytics & BI (w/m/d)
Job-Nr: 11385

Standorte: Frankfurt
Karrierelevel: Studierende
Anstellungsart: Praktikum

Begleite KPMG bei den zuk√ºnftigen Herausforderungen unserer Kund:innen. Begeistere auch Du Dich f√ºr die Vielfalt unserer Fragestellungen - und mach gemeinsam mit uns den Unterschied. Unterst√ºtze Dein Team von Data-Expert:innen, die innovativen und datengesteuerten L√∂sungen f√ºr unsere Kund:innen zu entwickeln.

Deine Aufgaben
Du willst Big Data in Smart Data verwandeln? Bewirb Dich jetzt f√ºr Dein Praktikum bei uns und bringe Dich hiermit ein:
‚Ä¢ Mit Deinem Praktikum im Bereich Data Science, Data Analytics und Business Intelligence gewinnst Du tiefgreifende Einblicke in das abwechslungsreiche Tagesgesch√§ft und sammelst wertvolle praktische Erfahrungen. In herausfordernden Aufgabenstellungen in der Analyse und Bewertung gro√üer Datenmengen bringst Du Deine F√§higkeiten gezielt ein und sch√∂pfst aus der reichhaltigen Expertise Deines Teams, um bei der L√∂sung komplexer Kundenprobleme zu unterst√ºtzen.
‚Ä¢ Du unterst√ºtzt Dein Team dabei, aus gro√üen strukturierten und unstrukturierten Datenbest√§nden unterschiedlicher Datenquellen eine Datenbasis zu schaffen und diese zu analysieren, visualisieren und zu interpretieren.
‚Ä¢ Du lernst, mithilfe von Data Mining, Predictive Analytics und Machine-Learning-Methoden Muster zu erkennen und daraus Prognosen f√ºr die Zukunft zu erstellen.
‚Ä¢ Du hilfst mit Pr√§sentationen und Berichte zur Kommunikation mit Kund:innen und anderen Stakeholder:innen zu entwickeln.
‚Ä¢ Des Weiteren wirst Du in die Entwicklung neuer Analysemethoden eingebunden, um die Datenbasis optimal zu pr√ºfen und zu interpretieren.
‚Ä¢ Zudem z√§hlen wir auf Deine Mitwirkung bei der Konzipierung, Erstellung und Modellierung von Datenbankanwendungen.

Dein Profil
‚Ä¢ Um bei uns ein Praktikum im Bereich Data Science / Data Analytics & BI zu absolvieren, hast Du mindestens vierFachsemester eines Studiums der Informatik, der Wirtschafts- oder der Naturwissenschaften erfolgreich abgeschlossen.
‚Ä¢ Du konntest bereits erste berufliche Erfahrungen durch Praktika oder Werkstudierendent√§tigkeiten, idealerweise in der Unternehmensberatung oder in der IT sammeln.
‚Ä¢ Idealerweise bringst Du erste relevante Berufserfahrungen durch vorhergehende Praktika sowie grundlegende Kenntnisse in einer der g√§ngigen Programmiersprachen mit.
‚Ä¢ Das Analysieren komplexer Zusammenh√§nge ist Deine St√§rke und Du hast Spa√ü am L√∂sen von herausfordernden Problemstellungen.
‚Ä¢ Du bringst Interesse an der kooperativen Arbeit in agilen Projektteams sowie Freude an komplexen Aufgaben und dem Umgang mit Daten mit.
‚Ä¢ Du besitzt die F√§higkeit, in einem interdisziplin√§ren, dynamischen und teamorientierten Umfeld zu arbeiten.
‚Ä¢ Gute Kommunikations- und Pr√§sentationsf√§higkeiten auf Deutsch C1 und Englisch runden Deine Qualifikationen ab.

Deine Benefits
Willkommen im Team
Damit Du von Beginn an voll bei uns durchstarten kannst, begleiten wir Dich mit strukturierten Onboarding-Ma√ünahmen w√§hrend der gesamten Orientierungsphase ‚Äì fachliches und pers√∂nliches Mentoring √ºber Deinen gesamten Einsatzzeitraum inklusive.

Faire Verg√ºtung
Wir sind eine Fair Company. Deshalb ist es f√ºr uns selbstverst√§ndlich, Dir w√§hrend Deines Praktikums ein faires Gehalt zu zahlen.

Feedback & Entwicklung
Vom ersten Tag an bist Du fester Bestandteil des Teams und √ºbernimmst Verantwortung in herausfordernden (Teil-) Projekten. Somit gewinnst Du wertvolle Praxiserfahrung und stellst die Weichen f√ºr Deine berufliche Zukunft. Mit regelm√§√üigem Feedback f√∂rdern wir zudem Deine pers√∂nliche und fachliche Weiterentwicklung.

Faire Verg√ºtung
Bei unseren YOUnior Network-Aktivit√§ten stehen Vernetzung und der gemeinsame Austausch zwischen Auszubildenden, Dual Studierenden, Praktikanten/Praktikantinnen und Werkstudenten/Werkstudentinnen im Fokus. Als Praktikant und Praktikantin profitierst Du dar√ºber hinaus von Vorteilen aus unserem exklusiven highQ-Programm.

√úber KPMG
Es gibt gute Gr√ºnde f√ºr eine Karriere bei KPMG: In unseren Teams arbeiten rund 12.500 Mitarbeiterinnen und Mitarbeiter an 26 Standorten in Deutschland. Dabei stehen wir f√ºr Vielfalt und eine Kultur der gegenseitigen Wertsch√§tzung. Aufgrund dieser diversen und vielschichtigen Kompetenzen in unseren Teams k√∂nnen wir interdisziplin√§r an innovativen Themen arbeiten und gemeinsam auch gro√üe Projekte stemmen. Du begleitest mit uns unsere Mandantinnen und Mandanten in den Bereichen Wirtschaftspr√ºfung, Steuerberatung und Consulting, oder agierst hinter den Kulissen in Central Services. Wir suchen Talente, die gemeinsam mit uns die Herausforderungen von morgen angehen wollen. Schon gewusst? Wir stellen nicht nur Absolventinnen und Absolventen aus dem Bereich Wirtschaftswissenschaften ein. Auch motivierte Absolventinnen und Absolventen und (Young) Professionals mit naturwissenschaftlichem Hintergrund (Mathematik, Physik oder Informatik) erwarten bei uns spannende Projekte. Mehr Informationen

Informationen zum Bewerbungsprozess
Deine Bewerbung enth√§lt idealerweise folgende Unterlagen: - Deinen vollst√§ndigen Lebenslauf - Nachweis √ºber Deinen zugrundeliegenden Abschluss und/oder eine aktuelle Noten√ºbersicht - bereits vorhandene Arbeitszeugnisse - ein Foto ist nicht erforderlich Weitere Informationen zum Bewerbungsprozess findest Du hier.

Kirsten Kronberg-Peukert
0800 5764 562
recruiting@kpmg.com

Werde Teil eines unserer Teams, die gemeinsam das angehen, was die Wirtschaftswelt bewegt. Wir freuen uns auf Deine Online-Bewerbung. Informiere Dich zum Bewerbungsprozess und unserer Karriereseite oder stelle R√ºckfragen an Kirsten Kronberg-Peukert unter 0800 5764 562 (0800 KPMG JOB).

Studierende","","","","","","","",""
"go-dbVkmidjzhI1COdtAAAAAA==","google","https://www.wiwi-online.de/Karrierecenter/Stellenangebote/42132?utm_campaign=google_jobs_apply&utm_source=google_jobs_apply&utm_medium=organic","","Praktikum Data-Science/Statistik im Bereich Indikatoren der preislichen Wettbewerbsf√§higkeit, Devisenkurse","Deutsche Bundesbank","Frankfurt, Alemanha","","","","","","","",False,"","","","","Stellenangebot bei Deutsche Bundesbank als Praktikum im Bereich Data Science in Frankfurt a.M..","","","","","","","",""
"go--zAIEvw7bsNOgG5KAAAAAA==","google","https://jobs.porsche.com/index.php?ac=jobad&id=4586&language=2&utm_campaign=google_jobs_apply&utm_source=google_jobs_apply&utm_medium=organic","","Praktikant (all genders) in der Managementberatung - Data Analytics and Artificial Intelligence","Porsche Consulting GmbH","Frankfurt, Alemanha","","","","","","","",False,"","","","","Aufgaben

Wir sind offen f√ºr neue Ideen und sch√§tzen Menschen, die mitdenken und einen eigenen Kopf haben. Je mehr Perspektiven wir einbeziehen, desto innovativer kann unsere Arbeit sein.

Wir brauchen Menschen, die strategisch denken und pragmatisch handeln, die Zukunft gestalten wollen, die sich mit unseren Werten und unserer Haltung identifizieren und sich f√ºr unsere Ziele engagieren. Bei uns steht der Mensch im Mittelpunkt! Wir fordern und f√∂rdern Dich ganz nach Deinen pers√∂nlichen St√§rken und bieten ein wertsch√§tzendes Arbeitsumfeld mit pers√∂nlichen Entwicklungschancen und vielf√§ltigen Aufgaben. Lass uns gemeinsam Ma√üst√§be setzen und gehe mit uns deine ersten Schritte ins Berufsleben.
‚Ä¢ Mitentwicklung/-umsetzung von Data Analytics & Artificial Intelligence L√∂sungen
‚Ä¢ Aufbereitung und Analyse von Echtdaten im Businesskontext
‚Ä¢ Unterst√ºtzung bei der Planung, Durchf√ºhrung und Nachbereitung von Data Analytics Workshops
‚Ä¢ Vorbereitung von Pr√§sentationsunterlagen

Die Aufgaben sind so vielseitig wie unsere Projekte. Von der Konzeption von KI-L√∂sungen bis hin zur Implementierung eines ersten Proof-of-Concepts: Bei uns hast du die M√∂glichkeit, an richtungsweisenden Fragestellungen in einer Vielzahl von Branchen zu arbeiten.

Anforderungen

Wir suchen neugierige und proaktive Pers√∂nlichkeiten mit einer Hands-on-Mentalit√§t. Erfolgreiche Kandidaten (all genders) bringen folgende Eigenschaften mit:
‚Ä¢ Mindestens drei Semester Studienerfahrung sowie praktische Erfahrung in der Anwendung von KI, Data Analytics und/oder Operations Research
‚Ä¢ Kenntnisse in mindestens einer Programmiersprache (z. B. Python, R)
‚Ä¢ Gute Kenntnisse in Statistik, Data-Science Methoden und Algorithmen
‚Ä¢ Praktische Erfahrung in der Datenbereinigung und -verarbeitung
‚Ä¢ Teamf√§hige und kommunikative Pers√∂nlichkeit mit Interesse an der Beratung
‚Ä¢ Sehr gute Ausdrucksweise in Deutsch und Englisch
‚Ä¢ Reisebereitschaft im Inland

Du arbeitest gerne in einem sich entwickelnden und schnelllebigen Bereich, der dich herausfordert, kontinuierlich zu lernen und dich weiterzuentwickeln? Arbeitest du am liebsten strukturiert und selbstst√§ndig innerhalb funktions√ºbergreifender Teams? Dann bewirb dich jetzt, werde Teil der Erfolgsgeschichte von Porsche Consulting und verst√§rke unser Team f√ºr einen Zeitraum von 3-6 Monaten.

Unternehmensprofil

Mit mittlerweile √ºber 800 Mitarbeitenden weltweit z√§hlt Porsche Consulting heute zu den f√ºhrenden Managementberatungen. Gegr√ºndet im Jahr 1994 sind wir heute in sechs L√§ndern mit 13 B√ºrostandorten vertreten. Unser internationales und dynamisches Arbeitsumfeld bietet Dir die M√∂glichkeit, ein Netzwerk aufzubauen und neue Kontakte in der Arbeitswelt zu kn√ºpfen. Es erwarten Dich interessante Aufgaben und anspruchsvolle Projekte sowie motivierte und begeisterte Teamkollegen (all genders) in den Industrien Automobilindustrie, Bauindustrie, Energiewirtschaft, Finanzdienstleistungen, Industrieg√ºter, Konsumg√ºter, Luftfahrt, Pharma & Medizintechnik,Transport.

Weitere Informationen erh√§ltst Du unter: www.porsche-consulting.com

Exklusive Einblicke hinter die Kulissen

Unternehmenskultur: Wir sind vielf√§ltig und multinational, haben eine ausgepr√§gte Teammentalit√§t, flache Hierarchien und duzen uns. Transparenz und kurze Entscheidungswege sind uns wichtig, Standortevents sorgen f√ºr ein intensives Miteinander.

Way of Working: Wir stehen f√ºr strategisches Denken und pragmatisches Handeln. Bei uns kann man Verantwortung √ºbernehmen und zupacken. Feedback ist uns wichtig denn bei uns steht der Mensch stets im Mittelpunkt.

Arbeitsumfeld: Bei uns gibt es Flexibilit√§t durch Vertrauensarbeitszeit und die freie Wahl des B√ºrostandorts. Unsere B√ºros sind attraktiv gelegen und modern, aber wir bieten auch die M√∂glichkeit zum mobilen Arbeiten.

Einstieg: Alle Praktikanten (all genders) starten mit einem Warm-Up zur Vorbereitung auf das Praktikum.

Weiterentwicklung: Lernen ist uns wichtig. In Trainings, E-Learnings und Communities bildet man sich zusammen mit Kollegen (all genders) st√§ndig weiter. Desweiteren besteht nach einem erfolgreichen Praktikum die M√∂glichkeit zum Schreiben der Abschlussarbeit oder des Festeinstiegs.

Corporate Benefits: Snacks und Getr√§nke in den B√ºros sowie eine professionelle und umfassende Ausstattung zum mobilen Arbeiten sind selbstverst√§ndlich.

Nachhaltigkeit: Wir sind stolz darauf, Unterzeichner der Charta der Vielfalt zu sein. Wir f√∂rdern aktiv Diversit√§t, reduzieren unseren Ressourcenverbrauch wo immer m√∂glich und kompensieren Emissionen, wo sie nicht vermeidbar sind. Mit unserer Arbeit wollen wir dazu beitragen, die Welt effizienter, lebenswerter und nachhaltiger zu machen.

Hinweise zur Bewerbung

Jetzt direkt bewerben.

Bitte f√ºlle unser Online-Bewerbungsformular vollst√§ndig aus. Deine Bewerbungsunterlagen enthalten ein Anschreiben, Deinen vollst√§ndigen Lebenslauf, sowie Arbeits- und Abschlusszeugnisse. Ein Foto wird nicht ben√∂tigt.

Die Porsche Consulting ist ein Equal Opportunity Employer. Alle qualifizierten Bewerber (all genders) werden unabh√§ngig von ethnischer und sozialer Herkunft, Alter, Geschlecht, sexueller Identit√§t, Religion, Weltanschauung oder einer Behinderung ber√ºcksichtigt.

Weitere Informationen rund um den sowie Deinen Einstieg bei Porsche Consulting findest Du auf unserer Website: www.porsche-consulting.com.

Kontakt

Du hast Fragen rund um Deine Bewerbung oder den Einstellungsprozess bei Porsche Consulting? Unser Recruitingcenter beantwortet sie Dir gerne von Montag bis Freitag zwischen 15 und 19 Uhr unter der Telefonnummer 0711 / 911 - 1 21 57. Du kannst auch unseren FAQ-Bereich nutzen.

M√∂chtest Du noch mehr spannende Informationen erhalten und uns pers√∂nlicher kennenlernen? Dann nutze die M√∂glichkeit unserer zahlreichen Recruiting-Events und Karrieremesseauftritte.

Verlinke dich gerne via LinkedIn mit uns:

Porsche Consulting bei LinkedIn","","","","","","","",""
"go-NHnOqiPrvaYGHmvYAAAAAA==","google","https://talents.studysmarter.de/companies/deutsche-lufthansa-ag/internship-data-science-in-data-and-analytics-department-1116770/?utm_campaign=google_jobs_apply&utm_source=google_jobs_apply&utm_medium=organic","","Internship Data Science in Data and Analytics Department","Deutsche Lufthansa AG","Frankfurt, Alemanha","","internship","","","","","",False,"","","","","Assist in developing proof of concepts (POCs) and data science prototyping within our department and with business units.
Support the transition of the prototype from development to production.
Develop and present data insights and findings related to the airline commercial domain in an attractive and comprehensible format.
Support data management, processing, and analysis tasks specific to airline commercial, revenue management, and customer insights.
Collaborate with project teams on data-driven projects in areas such as pricing, route optimization, and passenger segmentation.
Communicate data insights effectively to stakeholders in various formats and channels.
Help organize data science events and workshops focused on the airline industry.
Support other teams and stakeholders in data-related topics.
Benefits:
‚Ä¢ Free parking
‚Ä¢ Canteen (subsidized by employer)
‚Ä¢ Jobticket / Subsidized public transport
‚Ä¢ Discounts / shopping
‚Ä¢ Employee events (summer festivals, participation in sports competitions, etc.)
‚Ä¢ Flexible working hours
Requirements:
‚Ä¢ Enrollment for the entire period of the internship (current enrollment certificate must be attached to the application) or internship between the Bachelor and Master studies (Gap Year).
‚Ä¢ At the date of the internship, you have completed the third semester in Data Science, Computer Science, Statistics, Mathematics, or a related field.
‚Ä¢ Strong analytical and problem-solving skills with a passion for the airline industry.
‚Ä¢ Proficiency in programming languages such as Python or R and experience with data analysis tools and libraries.
‚Ä¢ Familiarity with SQL, database management, and Microsoft Azure Environment is a plus.
‚Ä¢ Knowledge of machine learning algorithms and statistical methods.
‚Ä¢ Excellent communication skills, with the ability to present complex data insights clearly and effectively.
‚Ä¢ Ability to work collaboratively in a team environment and manage multiple tasks.
‚Ä¢ Familiarity with Large Language Models & Generative AI technologies is a plus.

For further information please
#J-18808-Ljbffr","","","","","","","",""
"go-sCZmecmb0kG4BWPNAAAAAA==","google","https://de.indeed.com/viewjob?jk=841099c3e247d0ac&utm_campaign=google_jobs_apply&utm_source=google_jobs_apply&utm_medium=organic","","Praktikum Data & AI Strategy Consulting","STATWORX","Frankfurt, Alemanha","","","","","","","",False,"","","","jobs@statworx.com","statworx ist ein f√ºhrendes Beratungs- und Entwicklungsunternehmen f√ºr Daten und KI mit Sitz in Frankfurt am Main. Wir bieten strategische Beratung f√ºr mittelst√§ndische Unternehmen und globale Konzerne. Wir entwickeln innovative Daten- & KI-L√∂sungen f√ºr alle Unternehmensbereiche und T√§tigkeitsfelder. Wir bef√§higen Menschen auf allen Kompetenzniveaus mit unseren Daten- & KI-Bildungsformaten. Kurz gesagt: Wir unterst√ºtzen Unternehmen bei allen Aspekten der digitalen Transformation ‚Äì seit mehr als 10 Jahren, in √ºber 500 Daten- & KI-Projekten und f√ºr √ºber 100 Kunden aus fast allen Industrien.

Unser AI Strategy-Team unterst√ºtzt unsere Kunden bei der Konzeption und Implementierung ihrer Daten- & KI-Strategie. Dabei verfolgen wir stets das Ziel, die volle Aussch√∂pfung des Potenzials von Daten, Data Science und KI zu erm√∂glichen. In enger Zusammenarbeit mit unseren Kunden nehmen wir unterschiedlichste Arten von strategischen Herausforderungen an, von der initialen Bestimmung des AI-Reifegrades, √ºber die Formulierung der Daten- & KI-Strategie, bis zur Entwicklung und Implementierung neuer Betriebsmodelle.

W√§hrend deines 5- bis 6-monatigen Praktikums erh√§ltst du einen umfassenden Einblick in den Arbeitsalltag unserer Data & AI Strategy Consultants, wirst du in reale Kundenprojekte eingebunden und kannst du dein Wissen bez√ºglich der Anwendung von KI in der Wirtschaft vertiefen und erweitern.
‚Ä¢ Du unterst√ºtzt unsere Consultants bei der L√∂sung von komplexen strategischen Fragestellungen im Kontext von Daten und KI und begleitest damit unsere Kunden bei ihrer Daten- und KI-Transformation
‚Ä¢ Du bist an der Entwicklung von innovativen Konzepten und L√∂sungen beteiligt, bereitest Workshops und Interviews vor, hilfst bei der Umsetzung und erweiterst Dein Wissen zu Themen wie Daten- & KI-Strategie, KI-Betriebsmodelle, Datenkultur, Change Management, KI-Projektmanagement, Datenarchitektur, KI-Plattformen und KI-Einsatz
‚Ä¢ Du erh√§ltst zudem die M√∂glichkeit, an der Entwicklung neuer, innovativer Beratungsleistungen und -formate mitzuwirken und unterst√ºtzt uns dabei interessante Zukunftsfelder zu identifizieren
‚Ä¢ Dar√ºber hinaus unterst√ºtzt du unsere (Senior) Consultants im Tagesgesch√§ft und im Akquiseprozess, z.B. durch Recherchen oder die √úbernahme von administrativen Aufgaben
‚Ä¢ Du befindest dich in einem fortgeschrittenen Stadium deines (Master-)Studiums mit Bezug zu Wirtschaft, Informatik und/oder k√ºnstlicher Intelligenz/Data Science
‚Ä¢ Du hast bereits erste Erfahrungen in der Strategie- oder Unternehmensberatung gesammelt
‚Ä¢ Es f√§llt dir leicht, komplexe Probleme zu erfassen, zu strukturieren und kreative L√∂sungen zu entwickeln
‚Ä¢ Du bist sicher im Umgang mit den g√§ngigen Microsoft Office-Anwendungen, insbesondere PowerPoint
‚Ä¢ Du bist kommunikativ, sprichst flie√üend Deutsch und Englisch und hast eine schnelle Auffassungsgabe f√ºr die Bedarfe und Anforderungen unserer Kund:innen
‚Ä¢ Verantwortungsvolle und abwechslungsreiche T√§tigkeit im spannenden Zukunftsfeld Daten & KI, bei der du wertvolle Erfahrungen in den Bereichen Daten- und KI-Strategie sammeln kannst
‚Ä¢ Flache, teambasierte Hierarchien und ein freundschaftliches Arbeitsklima
‚Ä¢ Kurze Entscheidungswege und -prozesse, gepaart mit einer agilen Arbeitsweise und regelm√§√üigem Feedback
‚Ä¢ Ein offenes, integratives, chancengleiches Arbeitsumfeld
‚Ä¢ Umfassende methodische und pers√∂nliche Weiterentwicklungsm√∂glichkeiten inklusive regelm√§√üiger interner Schulungsangebote
‚Ä¢ Ein modernes, hochwertig eingerichtetes Office, das zum Austauschen und Verweilen einl√§dt
‚Ä¢ Stark erm√§√üigtes Jobticket Deutschland sowie kosteng√ºnstig Zugang zu einer Vielzahl von Sport- und Wellnessangeboten (Wellpass)
‚Ä¢ Und viele weitere Benefits, wie z.B. Apple IT-Equipment (MacBook Pro), regelm√§√üige Team-Events, Employee Discounts, Kinderbetreuungsunterst√ºtzung, kostenfreie Getr√§nke und Snacks

Bewirb Dich einfach √ºber das Bewerbungsformular und h√§nge Deinen aktuellen Lebenslauf samt Darstellung deiner Methodenkenntnisse an. Wir werden uns anschlie√üend umgehend bei Dir melden. Bei Fragen rund um Deine Bewerbung oder die verschiedenen Einstiegsm√∂glichkeiten erreichst Du uns telefonisch unter +49-(0)69-6783-0676-5 oder unter jobs@statworx.com.

Was f√ºr uns besonders wichtig ist: Wir sch√§tzen die Einzigartigkeit jedes Menschen und begegnen einander stets auf Augenh√∂he. Unterschiedliche Hintergr√ºnde, Einstellungen und Ideen bereichern uns und bilden die Grundlage unseres Erfolgs. Daher freuen wir uns √ºber jede Bewerbung ‚Äì unabh√§ngig von Geschlecht, Nationalit√§t, ethnischer und sozialer Herkunft, Religion, Weltanschauung, Behinderung, Alter sowie sexueller Orientierung und Identit√§t.","","","","","","","",""
"go-yJvw3Tu3UyN_3VHSAAAAAA==","google","https://de.indeed.com/viewjob?jk=740b2933b84f1550&utm_campaign=google_jobs_apply&utm_source=google_jobs_apply&utm_medium=organic","","Praktikant / Werkstudent Audit & Assurance - Data Analytics (m/w/d)","Deloitte GmbH","Frankfurt, Alemanha","","","","","","","",False,"","","","","Du machst den Unterschied. Ob im Business Audit & Assurance, Risk Advisory, Tax & Legal, Financial Advisory oder Consulting: Wir bei Deloitte unterst√ºtzen unsere weltweiten Mandanten dabei, sich kontinuierlich weiterzuentwickeln. Entdecke ein vielf√§ltiges Arbeitsumfeld, das st√§ndig in Bewegung ist und immer um ein Zentrum kreist: dich und dein Know-how. What impact will you make?

Du willst in unserem Business Audit & Assurance Innovationen in den Bereichen Pr√ºfung und pr√ºfungsnahe Beratung vorantreiben? Unser breites Portfolio er√∂ffnet dir die M√∂glichkeiten, national und international f√ºr unsere Mandanten im Mittelstand, in multi-nationalen Unternehmensgruppen oder am Kapitalmarkt (DAX 40, MDAX) t√§tig zu sein ‚Äì mit digitalen Tools und einem tiefen Verst√§ndnis f√ºr strategische Fragen. Sichere unseren gemeinsamen Erfolg und mach mit uns den Unterschied: als Praktikant / Werkstudent Data Analytics - Financial Services Industry (m/w/d).

Standorte: D√ºsseldorf, Frankfurt (Main), Hamburg, K√∂ln und M√ºnchen.

Dein Impact:

Als Praktikant / Werkstudent Data Analytics ‚Äì Financial Services Industry (m/w/d) bringst du dein Wissen in innovative Projekte im Bereich Audit Analytics ein ‚Äì und unterst√ºtzt uns datengetriebene Pr√ºfungsmethoden in allen Bereichen der Jahresabschlusspr√ºfung zu integrieren.
‚Ä¢ Innovation: Sowohl bei der (Weiter-)Entwicklung von IT-L√∂sungen als auch bei der Analyse von Daten in interdisziplin√§ren Teams setzen wir auf deinen Einsatz.
‚Ä¢ Verantwortung: Innerhalb unserer Projekte bearbeitest du eigenst√§ndig Aufgabenpakete.
‚Ä¢ Agilit√§t: Mit deinem agilen Mindset unterst√ºtzt du bei der Entwicklung von kreativen L√∂sungswegen f√ºr unsere verschiedenen Projekte.
‚Ä¢ Transformation: Zudem wirkst du bei der digitalen Transformation der Abschlusspr√ºfung mit - sowohl durch im Deloitte-Netzwerk entwickelte Tools, als auch durch eigene Ideen.

Dein Skillset:
‚Ä¢ Student:in in (Wirtschafts-)Informatik, (Wirtschafts-)Ingenieurwesen, (Wirtschafts-)Mathematik, Physik, Wirtschaftswissenschaften oder vergleichbar
‚Ä¢ Erste Kenntnisse in der Datenanalyse, -modellierung und -visualisierung (z. B. PowerBI, QlikView) bzw. in Programmiersprachen (z. B. Python, R)
‚Ä¢ Idealerweise erste Erfahrungen in der agilen Softwareentwicklung bzw. im agilen Projektmanagement (z. B. Scrum, Kanban)
‚Ä¢ Interesse an Machine Learning, Generative AI, Cloud-Technologien oder anderen Trends im Bereich Data Science
‚Ä¢ Deutsch und Englisch sehr gut in Wort und Schrift, ausgepr√§gte Kommunikationsst√§rke, hohes Qualit√§tsbewusstsein und Lust auf neue Herausforderungen

Deine Chance:
‚Ä¢ Echte Verantwortung f√ºr eigene Aufgabenpakete innerhalb unserer Projekte, die du selbst√§ndig bearbeitest
‚Ä¢ Pers√∂nliche:r Mentor:in in deinem Team, der/die dir mit Rat und Tat zur Seite steht und dich mit umfassendem Know-how unterst√ºtzt
‚Ä¢ Ein chancenreiches und internationales Umfeld, das dir einmalige Einblicke in die Arbeit des weltweit gr√∂√üten Pr√ºfungs- und Beratungsunternehmens bietet
‚Ä¢ Work-Life-Balance in einem innovativen Unternehmensumfeld, das dir Gesundheitstage, Mitarbeiter:innen-Events und vieles mehr bietet
‚Ä¢ Bereichs√ºbergreifendes Networking im Deloitte Student Network mit exklusiven Vortr√§gen und regelm√§√üigem Austausch beim Praktikant:innen-Stammtisch
‚Ä¢ Vielf√§ltige Gestaltungsspielr√§ume und aktive F√∂rderung einer inklusiven Unternehmenskultur ‚Äì u. a. durch unsere Diversity & Inclusion Mitarbeiter:innen-Netzwerke

Bist du bereit? Mach mit uns den Unterschied!

Unser Recruiting-Team freut sich auf deine Bewerbungsunterlagen (CV sowie Abitur-, Hochschul- und Arbeitszeugnisse) √ºber unser Online-Formular. Ein Anschreiben und ein Bewerbungsfoto sind bei uns nicht erforderlich.

Gleiche Chancen f√ºr alle: Wir freuen uns √ºber Bewerbungen von Menschen, die so vielf√§ltig sind wie wir ‚Äì unabh√§ngig von Alter, Behinderung, ethnischer Herkunft und Nationalit√§t, Geschlecht, Religion, sexueller Orientierung oder sozialer Herkunft. Noch Fragen? Alle Infos zu unserem Bewerbungsprozess findest du in unseren Bewerbungs-FAQs.

Job-ID: 47078","","","","","","","",""
"go-qKpeNE4O-bE6UPW4AAAAAA==","google","https://talents.studysmarter.de/companies/commerzbank-ag__trashed/praktikantin-data-science-im-cluster-sales-analytics-big-data-advanced-analytics-218247/?utm_campaign=google_jobs_apply&utm_source=google_jobs_apply&utm_medium=organic","","Praktikant*in Data Science ‚Äì im Cluster Sales Analytics, Big Data & Advanced Analytics","Commerzbank AG","Frankfurt, Alemanha","","","","","","","",False,"","","","","Detailansicht des Stellenangebots
Stellendetails zu: Praktikant*in Data Science - im Cluster Sales Analytics, Big Data & Advanced Analytics
Praktikant*in Data Science - im Cluster Sales Analytics, Big Data & Advanced Analytics
Kopfbereich

Praktikum/Trainee/Werkstudent
Informatiker/in (Hochschule)
Praktikant*in Data Science - im Cluster Sales Analytics, Big Data & Advanced Analytics
Commerzbank AG
Vollzeit
Frankfurt am Mainab 01.09.2024unbefristetGestern
Stellenbeschreibung

Willkommen im Team als

Praktikant*in Data Science - im Cluster Sales Analytics, Big Data & Advanced Analytics

Das Unternehmen:

Die Commerzbank ist f√ºhrende Bank f√ºr den Mittelstand und mit einem umfassenden Portfolio an Finanzdienstleistungen starker Partner von Firmenkundenverb√ºnden sowie Privat- und Unternehmerkunden in Deutschland. Wir sind eine Bank, die sich durch einen fairen und partnerschaftlichen Umgang untereinander und mit unseren Kunden auszeichnet. Wir sch√§tzen die Arbeit in inspirierenden Teams von Menschen, die einen vielf√§ltigen Background mitbringen. Ihnen bieten wir ein kreatives Umfeld und hervorragende Entwicklungschancen. Work Life Balance genie√üt bei uns einen hohen Stellenwert. Und nat√ºrlich wissen wir, dass zu einem guten Job auch eine attraktive Bezahlung geh√∂rt.

Aufgabe:

Data Science ist deine Welt? Du hast Lust, deine bisher erworbenen F√§higkeiten in einem Capital Markets Research-Projekt einzusetzen?
Analysiere Trading-Daten mit modernen mathematischen und statistischen Methoden, um Vorhersagemodelle zu entwickeln und Entscheidungen zu unterst√ºtzen. Von der Idee bis zur Entwicklung √ºbernimmst du in einem agilen Team Verantwortung f√ºr ein spannendes Data-Science-Research-Projekt. Du erh√§ltst die Chance, dich intensiv in die Produkt- und Datenwelt des FX-Trading einzuarbeiten und schnell Verantwortung zu √ºbernehmen.
In deinem Praktikum wirst du dich mit der Aufbereitung von FX-Trading-Zeitreihendaten besch√§ftigen, um tiefgreifende Einblicke in die Muster und Trends des Marktes zu gewinnen. Du wirst die M√∂glichkeit haben, State-of-the-Art-Zeitreihenmodelle, insbesondere Transformer-Architekturen, zu vertiefen, um die Genauigkeit und Effizienz unserer Vorhersagemodelle zu verbessern. Dar√ºber hinaus testest du die Performance verschiedener Modelle und pr√§sentierst deine Ergebnisse gegen√ºber Stakeholdern aus dem FX-Trading- und Sales-Bereich.

Profil:
‚Ä¢ Kenntnisse und praktische Erfahrung in der Anwendung verschiedener Machine-Learning-Methoden (z. B. Decision Trees, Regressionen, Neural Networks)
‚Ä¢ Tiefgreifende Programmierkenntnisse in Python
‚Ä¢ Fortgeschrittenes Bachelor-Studium oder Beginn des Master-Studiums in Mathematik, Informatik, Physik oder einem vergleichbaren Fach
‚Ä¢ Ausgepr√§gte analytische und konzeptionelle F√§higkeiten
‚Ä¢ Erste Kenntnisse in Capital Markets und FX-Trading, sowie Verst√§ndnis von Zeitreihenanalyse und Transformer-Architekturen
‚Ä¢ Interesse an Big Data und Analytics-L√∂sungen sowie an relevanten technologischen Trends
‚Ä¢ Hohe soziale und kommunikative Kompetenz
‚Ä¢ Freude an der Arbeit im Team und dem gemeinsamen Voranbringen von Projekten
‚Ä¢ Sehr gute Deutsch- und Englischkenntnisse

Kontakt:

Bist du bereit, ab 01.09.2024 in einem starken Team zu starten? Dann freuen wir uns auf deine Online-Bewerbung. F√ºr R√ºckfragen steht dir Thomas Weller, Chapter Lead Data Science, unter +49 69 935349410 gerne zur Verf√ºgung.

Schau' auch mal auf unserem Karriereportal vorbei und erhalte hier einen √úberblick √ºber unsere verschiedenen Laufbahnen und Einstiegslevel:https://www.commerzbank.de/karriere .
Arbeitsorte
‚Ä¢ 60311 Frankfurt am Main","","","","","","","",""
"go-BRCqfaSU3IBGuBPoAAAAAA==","google","https://www.jobteaser.com/en/job-offers/828fa470-352f-4fb7-b112-b20711dcde73-oddo-bhf-se-working-student-m-w-d-data-analytics?utm_campaign=google_jobs_apply&utm_source=google_jobs_apply&utm_medium=organic","","Working Student (m/w/d) - Data Analytics","ODDO BHF SE","Frankfurt, Alemanha","","internship","","","","","",False,"","","","","Why ODDO BHF?

ODDO BHF is active in four businesses: Private Wealth Management, Asset Management, Corporates & Markets and Asset servicing. We are fortunate to have more than 60,000 clients, institutional investors, companies, distribution partners and large private clients whose financial assets we advise, manage, and invest for a total amount of 142 billion euros. Our mission is to grow these assets through our four businesses.

European roots, entrepreneurial spirit and wide range of expertise: these key assets enable us to offer unique professional experiences through a variety of career paths and multiple opportunities for mobility across Europe.

Your mission

Within the Data Excellence Team, you report to the Data Analytics Lead.

As a Data & Transformation Analyst, you play a crucial role in transforming raw data into actionable insights that drive informed business decisions. You‚Äôll collaborate with cross-functional teams ‚Äì including IT, business experts and data analysts ‚Äì and advise data analysts in analyzing data trends, creating reports that empower stakeholders to optimize performance. You will also play a key role in the ongoing data transformation by being an ambassador of business acculturation.

In this role, your primary responsibilities include:

1. DATA CULTURE
‚Ä¢ Provide technical trainings & support to Data Analysts within businesses or business partners in the construction of relevant dashboards and reports
‚Ä¢ Assist in the animation of a community of Data Analysts through content creation to be published on the dedicated knowledge management site
‚Ä¢ Be an ambassador of the Data Excellence Team‚Äôs activities across businesses & business partners

2. DATA GOVERNANCE
‚Ä¢ Advise Data Analysts on how to implement best practices for data documentation and data quality.
‚Ä¢ Identify relevant regulations and potential impacts on analytics governance
‚Ä¢ Advise Data Analysts on how to best monitor data integrity and resolve discrepancies.

3. TOOLS & TECHNOLOGIES
‚Ä¢ Actively identify relevant tools with the aim to modernize the data analytics stack
‚Ä¢ Take part in the testing of some of these tools and confront the usage to identified use cases

BUSINESS EXPERTISE: Through the implementation of these activities, you will be asked to improve your knowledge of the financial sector and develop an expertise of the data challenges arising from the various businesses run by the Group.

What you can Expect?
‚Ä¢ Support the strategic data development of the group
‚Ä¢ Work in an international and diverse environment
‚Ä¢ Work in collaboration with many experts of our different businesses and corporate functions
‚Ä¢ Be recognized as a data expert

Your Profile
‚Ä¢ Master Degree student in Business or Engineering in a top tier university
‚Ä¢ Previous internships in finance or data analytics is a plus
‚Ä¢ Good understanding of the banking & finance sector
‚Ä¢ Knowledge of data catalog tools is a plus
‚Ä¢ Proficiency in SQL and in Data Visualization tools (e.g., PowerBI, Tableau, Cognos,‚Ä¶)
‚Ä¢ Proactive, curious, team player, international outlook
‚Ä¢ Good communication skills with both business and technical stakeholders.
‚Ä¢ Strong analytical mindset and problem-solving skills
‚Ä¢ Professional working proficiency in English and French

This position is open to people with disabilities. We will support you during the recruitment process and once you have been recruited, to adapt and/or facilitate your life within the company. Do not hesitate to ask questions during the HR interview.

We would be delighted to receive your application!

The role is based in Frankfurt.

Weitere Informationen

ODDO BHF SE

Anna Kraus, Campus Manager, Gallusanlage 8, 60329 Frankfurt am Main","","","","","","","",""
"go-Axvzcv8WjDeHkknpAAAAAA==","google","https://de.jooble.org/rjdp/-9080126584616773285/Intern-data-Frankfurt-am-Main?utm_campaign=google_jobs_apply&utm_source=google_jobs_apply&utm_medium=organic","","Intern data","ING-DiBa - ATM","Frankfurt, Alemanha","","","","","","","",False,"","","","","Praktikant Data Protection ‚Äì Run (w/m/d) am Standort Frankfurt

Dann starte bei uns und arbeite international, agil, digital und zukunftsorientiert. Von fern und dennoch nah mit Homeoffice und moderner Technik. Indem Du zusammen mit dem Data-Protection-Team unsere Fachbereiche bei der Einf√ºhrung neuer und der Anpassung der bereits erfassten Verarbeitungst√§tigkeiten ber√§tst und unterst√ºtzt.
Du wei√üt, was heute noch als ausreichender Schutz gilt, kann morgen schon veraltet sein, daher enagierst Du Dich mit wachem Blick auch in der Weiterentwicklung bestehender und Implementierung neuer datenschutzrelevanter Prozesse.
Unter derselben Pr√§misse hast Du auch Kontrollma√ünahmen auf Deinem Radar, die der Optimierung datenschutzrechtlich geforderter Dokumentationen dienen.
Immatrikuliert im Bachelor / Master Wirtschaftswissenschaften oder (Wirtschafts-)Recht oder im Gap Year zwischen Bachelor- und Master-Studium
Idealerweise erste Erfahrung im Bereich Datenschutz, z. B. durch ein bereits absolviertes Praktikum
Gutes Deutsch und Englisch, schriftlich wie m√ºndlich
Verf√ºgbar f√ºr 3-6 Monate (bitte gib den genauen Zeitraum inkl. Ansprechende Verg√ºtung, kostenloses Deutschlandticket, 30 Tage Urlaub, Betriebsrestaurant
Zusammenarbeit auf Augenh√∂he in einer Du-Kultur, mobiles Arbeiten im Rahmen von betrieblichen, regulatorischen und gesetzlichen Anforderungen
L√∂wenstarke Netzwerkangebote, pers√∂nliche und fachliche Weiterbildungsm√∂glichkeiten sowie vielf√§ltige Angebote zu Bewegung, Vorsorge, Ern√§hrung und Balance
Bewirb Dich einfach online bei uns ‚Äì am schnellsten geht¬¥s, wenn Du Anschreiben, Lebenslauf und Zeugnisse schon parat hast.","","","","","","","",""
"go-TNnBks05TGQf1H5DAAAAAA==","google","https://de.indeed.com/viewjob?jk=21abb89dca6de8a6&utm_campaign=google_jobs_apply&utm_source=google_jobs_apply&utm_medium=organic","","Werkstudent / Praktikant Data Analytics (m/w/d)","Deloitte GmbH","Frankfurt, Alemanha","","","","","","","",False,"","","","","Du machst den Unterschied. Ob im Business Audit & Assurance, Risk Advisory, Tax & Legal, Financial Advisory oder Consulting: Wir bei Deloitte unterst√ºtzen unsere weltweiten Mandanten dabei, sich kontinuierlich weiterzuentwickeln. Entdecke ein vielf√§ltiges Arbeitsumfeld, das st√§ndig in Bewegung ist und immer um ein Zentrum kreist: dich und dein Know-how. What impact will you make?

Du willst im Bereich Risk Advisory - IT & Specialized Assurance (Industry) bei abwechslungsreichen und spannenden IT-Projekten dabei sein? Unser Team stellt die Verl√§sslichkeit der IT- und Transformationsprozesse durch Pr√ºfung und Beratung sicher und schafft damit Vertrauen in die zugrundeliegenden IT-Prozesse und -Systeme. Sichere unseren gemeinsamen Erfolg und mach mit uns den Unterschied: als Werkstudent / Praktikant Data Analytics (m/w/d).

Standorte: Berlin, D√ºsseldorf, Frankfurt (Main), Hamburg, Hannover, K√∂ln, Mannheim, M√ºnchen, N√ºrnberg und Stuttgart.

Dein Impact:

Als Werkstudent / Praktikant Data Analytics (m/w/d) bringst du dich in eine gro√üe Bandbreite spannender Themen ein ‚Äì von Risikomanagement und IT-Pr√ºfungen √ºber Prozessoptimierung und Treasury Management bis hin zu digitaler Transformation, Prozess√ºberwachung oder der bilanziellen Abbildung von Finanzinstrumenten.
‚Ä¢ Analysen: Du unterst√ºtzt unser Team bei der Erarbeitung und Durchf√ºhrung anspruchsvoller Datenanalysen.
‚Ä¢ Hands-on-Einstieg: Dabei f√ºhrst du selbstst√§ndig Auswertungen durch.
‚Ä¢ Konzepte: Auch bei der Ausarbeitung von L√∂sungskonzepten stehst du uns tatkr√§ftig zur Seite.
‚Ä¢ Teamwork: Schnell wirst du dabei zum festen Teil eines multidisziplin√§ren Teams.

Dein Skillset:
‚Ä¢ Student:in eines Studiengangs mit wirtschaftswissenschaftlicher bzw. informationstechnischer Ausrichtung
‚Ä¢ Gutes Verst√§ndnis betriebswirtschaftlicher Zusammenh√§nge
‚Ä¢ Ausgepr√§gter Teamgeist und Spa√ü an komplexen Aufgaben
‚Ä¢ Hohe Kommunikationsst√§rke sowie Deutsch und Englisch sehr gut in Wort und Schrift

Deine Chance:
‚Ä¢ Echte Verantwortung f√ºr eigene Aufgabenpakete innerhalb unserer Projekte, die du selbst√§ndig bearbeitest
‚Ä¢ Pers√∂nliche:r Mentor:in in deinem Team, der/die dir mit Rat und Tat zur Seite steht und dich mit umfassendem Know-how unterst√ºtzt
‚Ä¢ Ein chancenreiches und internationales Umfeld, das dir einmalige Einblicke in die Arbeit des weltweit gr√∂√üten Pr√ºfungs- und Beratungsunternehmens bietet
‚Ä¢ Work-Life-Balance in einem innovativen Unternehmensumfeld, das dir Gesundheitstage, Mitarbeiter:innen-Events und vieles mehr bietet
‚Ä¢ Bereichs√ºbergreifendes Networking im Deloitte Student Network mit exklusiven Vortr√§gen und regelm√§√üigem Austausch beim Praktikant:innen-Stammtisch
‚Ä¢ Vielf√§ltige Gestaltungsspielr√§ume und aktive F√∂rderung einer inklusiven Unternehmenskultur ‚Äì u. a. durch unsere Diversity & Inclusion Mitarbeiter:innen-Netzwerke

Bist du bereit? Mach mit uns den Unterschied!

Unser Recruiting-Team freut sich auf deine Bewerbungsunterlagen (CV sowie Abitur-, Hochschul- und Arbeitszeugnisse) √ºber unser Online-Formular. Ein Anschreiben und ein Bewerbungsfoto sind bei uns nicht erforderlich.

Gleiche Chancen f√ºr alle: Wir freuen uns √ºber Bewerbungen von Menschen, die so vielf√§ltig sind wie wir ‚Äì unabh√§ngig von Alter, Behinderung, ethnischer Herkunft und Nationalit√§t, Geschlecht, Religion, sexueller Orientierung oder sozialer Herkunft. Noch Fragen? Alle Infos zu unserem Bewerbungsprozess findest du in unserenBewerbungs-FAQs.

Job-ID: 16521","","","","","","","",""
"go-dQ69WbAipYayHHfIAAAAAA==","google","https://de.jooble.org/jdp/-6919787872976761550/Praktikum-als-Fellow-Consultant-(w%2Fm%2Fd)-Steering-Lab-+-Schwerpunkt-Data-Science-Frankfurt-am-Main?utm_campaign=google_jobs_apply&utm_source=google_jobs_apply&utm_medium=organic","","Praktikum als Fellow Consultant (w/m/d) Steering Lab - Schwerpunkt Data Science","Horv√°th & Partners - Management Consultants","Frankfurt, Alemanha","","","","","","","",True,"","","","","In unserem Steering Lab entwickeln wir f√ºr unsere Kunden state-of-the-art L√∂sungen im Bereich Big Data Analytics und Machine Learning und bauen damit die Br√ºcke zwischen Wissenschaft und Industrie. Konkret l√∂sen wir komplexe Problemstellungen mit fortgeschrittenen mathematischen und statistischen Methoden. Dabei nutzen wir das gesamte Spektrum quantitativer Algorithmen wie beispielsweise Ans√§tze aus dem Forecasting, der mathematischen Optimierung oder dem Deep Learning. Unsere Kunden stammen aus allen Industrien und Funktionen und haben eines gemeinsam: sie ben√∂tigen innovative Steuerungsmodelle und L√∂sungen, um ihre Gesch√§ftsmodelle in Zukunft datengetriebener zu gestalten und um aus ihren Daten einen Wettbewerbsvorteil zu generieren. Diese L√∂sungen entwickeln wir in unseren drei Bereichen Predictive Analytics, Optimization Analytics und Artificial Intelligence. Es gibt dabei nicht das ""klassische"" Projekt, sondern jedes Gesch√§ftsmodell muss neu verstanden, analysiert und durch spezifische Daten und Algorithmen abgebildet werden.

Deine Perspektiven bei uns
‚Ä¢ Praktikum. Weiter gedacht. Du bist nicht nur Teil unseres Teams, sondern startest auch direkt inhaltlich in unseren anspruchsvollen Entwicklungsprojekten und L√∂sungen im Steering Lab sowie bei unseren Beratungsprojekten rund um Predictive Analytics, Optimization Analytics oder Artificial Intelligence. Du unterst√ºtzt uns mit deinem Talent und leistest von Anfang an einen wertvollen Beitrag, ob beim Kunden, im Office oder flexibel von zu Hause. Bei uns wirst du geh√∂rt, denn wir sch√§tzen neue und frische Ideen.
‚Ä¢ Wachstum erleben. Jeden Tag. Du willst wachsen. Wir f√∂rdern deine individuelle Entwicklung durch Mentoring und offenes Feedback. Mit unserer Initiative E-Mail auf horvath-partners.com ansehen√°th bieten wir dir zudem regelm√§√üigen bereichs√ºbergreifenden Austausch und ein Netzwerk ‚Äì ob virtuell oder pers√∂nlich.
‚Ä¢ Karrierestart. Einfach gemacht. Ein herausragend absolviertes Praktikum honorieren wir mit einem verk√ºrzten Einstellungsprozess f√ºr deinen Festeinstieg oder alternativ mit der Aufnahme in den Horv√°th Student Club. Und √ºbrigens: Viele unserer langj√§hrigen Horv√°ths waren auch mal Studierende bei uns.

Dein Beitrag zu unserem Team
‚Ä¢ Hallo Teamplayer: Du m√∂chtest lernen, Erfahrungen sammeln und deine Expertise erweitern. Freundschaftliche Zusammenarbeit und der gemeinsame Spa√ü an der Herausforderung sind dir genauso wichtig wie uns. Last but not least: Wir haben Humor ‚Äì du auch?
‚Ä¢ Deine Kompetenzen: The sky is the limit! Du hast Lust, direkt loszulegen und mit uns t√§glich dein Bestes zu geben. Du bist l√∂sungsorientiert, motiviert und denkst auch gerne mal um die Ecke. Eine sichere Kommunikation in Deutsch und Englisch ist f√ºr dich selbstverst√§ndlich, ebenso wie der Umgang mit Microsoft Excel, PowerPoint sowie den Programmiersprachen R oder Python.
‚Ä¢ Dein akademischer Hintergrund: Dein breites Wissen durch dein fortgeschrittenes Studium im Bereich Statistik, Mathematik, Informatik oder Wirtschaftswissenschaften mit quantitativem Schwerpunkt m√∂chtest du endlich praktisch umsetzen. Du bist an einer Hochschule eingeschrieben, bringst erste Praxiseinblicke mit und bist f√ºr einen Zeitraum von mindestens 3 Monaten verf√ºgbar.

Unsere Benefits

Flexibel arbeiten. Nachhaltig erfolgreich.

Mit unseren Kunden gestalten wir die Welt von morgen. Der Anspruch an unsere Arbeit ist hoch ‚Äì keine Frage. Wir bieten dir ideale Rahmenbedingungen, um jeden Tag dein Bestes zu geben. Dazu z√§hlt eine moderne agile Arbeitsumgebung in unseren Offices; daneben Remote Work, Homeoffice und On-Site beim Kunden in guter Balance.

Horv√°th Spirit. Nicht nur fachlich ein Team.

Unser Zusammenhalt ist einzigartig. Als Team treffen wir uns bei vielen Gelegenheiten. Sommer- und Weihnachtsfeste, Get-together an unseren Standorten, Studierendenmeetings oder Networking Events: Wir tauschen uns aus, feiern miteinander, lernen voneinander und sind nicht nur fachlich ein super Team.

Pers√∂nlich wachsen. Zukunft gestalten.

Bei uns findest du alles, um nie stillzustehen! Egal, ob regelm√§√üiges Networking, Mentoring, Feedback oder Seminare: Nutze das Praktikum oder die studentische T√§tigkeit bei uns, um wirklich weiter zu kommen.

All unsere Benefits findest du hier .","","","","","","","",""
"go-BX6Cqyl9aM8ED3-JAAAAAA==","google","https://www.datacareer.de/job/15353/university-internship-in-the-field-of-data-governance-and-data-value-office/?utm_campaign=google_jobs_apply&utm_source=google_jobs_apply&utm_medium=organic","","University internship in the field of Data Governance and Data Value Office","Fraport AG","Frankfurt, Alemanha","","internship","","","","","",False,"","","","","YOUR WORLD OF POSSIBILITIES

Welcome to the Fraport AG team. We are one of the leading companies in the airport business and operate Frankfurt Airport, one of the largest commercial airports in Europe. Every day at Fraport we connect people and cultures from all over the world - also as an employer. We are the professional home for people from over 100 nations who pull together to keep our airport running 365 days a year.

Do you want to go your own way in the Fraport world? Then shape the future of mobility with us: sustainable, innovative and digital.

To support our team, we are now offering you a

University internship in the field of Data Governance and Data Value Office

Your tasks:
‚Ä¢ Support in the creation of data products and the documentation of the data contained therein
‚Ä¢ Support in the implementation and monitoring of data governance policies and processes
‚Ä¢ Supporting initiatives to improve data quality and integrity
‚Ä¢ Assist in the creation and maintenance of documentation and reports on data governance activities
‚Ä¢ Support in the preparation, implementation and follow-up of workshops and training courses on data governance
‚Ä¢ Analysis and preparation of data to support decision-making in the Data Value Office
‚Ä¢ Support in the implementation of data protection and compliance regulations (e.g. GDPR, AI Act)
‚Ä¢ Preparation of presentations and reports on various projects and initiatives in the Data Value Office

Your profile:
‚Ä¢ Studies with a focus on business administration, technology or information technology (ideally a master's degree or shortly before completing a bachelor's degree)
‚Ä¢ Interest in data governance, data protection and data management Basic understanding of how to handle data (e.g. SQL or Python knowledge, data science or statistics)
‚Ä¢ Strong analytical and solution-oriented thinking
‚Ä¢ Ingenuity in developing new concepts and solutions, as well as commitment and independent working methods
‚Ä¢ Sociable, linguistically fluent and open as well as organizational talent and a committed demeanor Desire to work together in a collegial and appreciative working environment
‚Ä¢ Very good Microsoft Office knowledge (PowerPoint, Word, Excel, Outlook)
‚Ä¢ Good written and spoken communication skills and good written and spoken English skills (German skills at least C1)

We offer:
‚Ä¢ Exciting insights into the work of the Data Value Office and the opportunity to actively participate in important projects
‚Ä¢ A dynamic and collegial working environment
‚Ä¢ The opportunity to gain valuable practical experience and develop your skills
‚Ä¢ If you are interested in this exciting challenge, we look forward to receiving your application!

From us. For you. Our employer benefits
‚Ä¢ An attractive remuneration
‚Ä¢ Free parking on site or free Germany ticket
‚Ä¢ FRActivity- Exclusive insights and networking during your internship
‚Ä¢ company restaurants with discounted prices
‚Ä¢ company sports, fitness studio and health advice
‚Ä¢ child and holiday care
‚Ä¢ discounts (fuel, holiday parking, airport shops, corporate benefits)
‚Ä¢ and much more

Start your journey into your world of possibilities, develop further, discover new paths and interesting detours.

Apply quickly and easily online.","","","","","","","",""
"go-BGCFDbmqbzrsNZLZAAAAAA==","google","https://www.karkidi.com/job-details/50206-intern-data-science-in-the-field-of-audit-related-consulting-quants-financial-services-f-m-d-job?utm_campaign=google_jobs_apply&utm_source=google_jobs_apply&utm_medium=organic","","Intern Data Science in the field of audit-related consulting / Quants (Financial Services) (f/m/d)","Ernst & Young","Frankfurt, Alemanha","","","","","","","",False,"","","","","Our Financial Services division focuses on financial services and supports banks, insurance companies and asset managers in being successful in a constantly changing and fast-paced world. In the area of ‚Äã‚Äãaccounting, regulatory and market-related requirements, interdisciplinary teams work in the Financial Accounting Advisory Services division, developing holistic, tailor-made solutions for our clients from the financial services sector. You will strengthen us in Frankfurt/Main with accounting, regulatory and/or quantitative expertise in order to develop and implement innovative ideas for our clients. You will take on a variety of tasks:
‚Ä¢ Participation in advising and auditing national and international companies in the financial sector within a quantitatively trained, innovative group of experts
‚Ä¢ Support in the development of creative solutions for using untapped data potential (e.g. use of machine learning)
‚Ä¢ Participation in the establishment of global, cloud-based services for quantitative issues (e.g. pricing and analysis of large portfolios of financial instruments)
‚Ä¢ Modeling and automation of complex business relationships
‚Ä¢ Accompanying accounting and risk management on the way to the financial world of the future

This is what you bring with you ‚Äì skills that you use to shape the future
‚Ä¢ Studies with a quantitative focus (e.g. mathematics, statistics, physics, computer science)
‚Ä¢ First experience in the field of data analysis (e.g. machine learning, natural language processing)
‚Ä¢ Safe handling of a programming language (e.g. C++, Java, PHP, Python, Ruby) and/or a database system (e.g. SQL, SAS, MongoDB)
‚Ä¢ Flexibility and openness to new, varied challenges
‚Ä¢ Very good communication skills in German and English

That's what we offer you - an inspiring working environment

At EY, we strive to make the world work better. To this end, we question the status quo on a daily basis and are already looking for tomorrow's answers today. standstill? No option. Change? We see it as an opportunity and driver for innovation.

If that's how you tick, then you've come to the right place. We are looking for doers who help companies, entrepreneurs, private individuals and the public sector to surpass themselves. This requires cooperation at eye level and leaving the beaten track. You will do this as part of interdisciplinary teams - innovative and multicultural in Germany, Europe and around the world.

So that you, too, grow personally and professionally, we accompany you on your career path with work models tailored to you as well as training and development opportunities on and off the job. You determine the pace and goal on your way.","","","","","","","",""
"go-beWQDRC6rzOZp-avAAAAAA==","google","https://www.emprego.pt/jobs/show/31550711920303173483040882893?utm_campaign=google_jobs_apply&utm_source=google_jobs_apply&utm_medium=organic","","Internship (M/F/d) : Data Science for Energy","Air Liquide","Frankfurt, Alemanha","","internship","","","","","",False,"","","","","We would like to strengthen our dynamic and diverse team at our research site in Frankfurt. As Innovation Campus Frankfurt, Air Liquide Forschung und Entwicklung GmbH is one of Air Liquide‚Äôs five Innovation Campuses. In close cooperation with internal and external partners worldwide, innovations for the energy transition are developed based on the 3 molecules H2, CO2 and CO. Through the competencies and commitment of our employees, we bear responsibility for a sustainable modern society. We persistently develop new ideas to sustainably reduce the carbon footprint of Air Liquide and its customers. At Innovation Campus Frankfurt, we shape sustainable change. Creativity and team spirit are our driving forces. How will you CONTRIBUTE and GROW? You will join an international agile research team thriving to innovate on utilisation of data science and machine learning solutions for the development of prediction models - Support our further development of data science and machine learning expertise, processes and methods - Development and implementation of data science and machine learning solutions to analyze and predict technical data - Collaborate with cross-functional teams to develop and implement innovative solutions for our industrial processes in link to operational excellence - Literature study Are you a match? One of our main focuses at Frankfurt Innovation Campus is to assess new low carbon technology solutions for the production, purification, storage and conversion of industrial gases. The internship applicant is expected to be flexible, interested in new technologies and work methodologies, have a quick learning can-do attitude, and to satisfy the majority of below mentioned requirements. - Enrolled student with a Bachelor‚Äôs degree in a field related to applied mathematics, statistics, computer science, natural sciences or engineering - Good programming skills in Python and experience with Data Science libraries such as SciPy and PyTorch - Good communication and presentation skills - Fluent in English, both spoken and written What makes us special | Our Benefits You would like to test how it is to work in an international R&D team on very concrete topics and to implement the tools and methods you have learnt in your study. We offer you to contribute to some work packages of our R&D projects. Our Differences make our Performance At Air Liquide, we are committed to build a diverse and inclusive workplace that embraces the diversity of our employees, our customers, patients, community stakeholders and cultures across the world.","","","","","","","",""
"li-4145483273","linkedin","https://www.linkedin.com/jobs/view/4145483273","","Internship (m/w/d) - AI Framework for Automated Forecasting","ABB","Mannheim, Baden-W√ºrttemberg, Germany","2025-02-07","","","","","","","","","","","","","","https://ch.linkedin.com/company/abb","","","","","",""
"li-4123162828","linkedin","https://www.linkedin.com/jobs/view/4123162828","","Praktikum Management Consulting im Bereich Data Science / Data Analytics (m/w/d)","BASF","Ludwigshafen Am Rhein, Rhineland-Palatinate, Germany","2025-02-07","","","","","","","","","","","","","","https://de.linkedin.com/company/basf","","","","","",""
"li-3975232539","linkedin","https://www.linkedin.com/jobs/view/3975232539","","Data Scientist/Analyst pr√ºfungsnahe Beratung/Quants - Assurance (Financial Services) (w/m/d)","EY","Eschborn, Hesse, Germany","2025-02-07","","","","","","","","","","","","","","https://uk.linkedin.com/company/ernstandyoung","","","","","",""
"li-3449518792","linkedin","https://www.linkedin.com/jobs/view/3449518792","","Werkstudent / Praktikant Data Analytics (m/w/d) in Mannheim","Deloitte","Mannheim, Baden-W√ºrttemberg, Germany","2025-02-07","","","","","","","","","","","","","","https://www.linkedin.com/company/deloitte","","","","","",""
"li-4125208514","linkedin","https://www.linkedin.com/jobs/view/4125208514","","Intern / Working student for HVAC & Powertrain Cooling (M/F/D)","Hyundai Motor Europe Technical Center GmbH","R√ºsselsheim am Main, Hesse, Germany","2025-02-06","","","","","","","","","","","","","","https://de.linkedin.com/company/hyundaimotoreuropetechnicalcentergmbh","","","","","",""
"li-4145095961","linkedin","https://www.linkedin.com/jobs/view/4145095961","","Praktikant*in (m/w/d) Analytics & Insights","Samsung Germany","Eschborn, Hesse, Germany","2025-02-06","","","","","","","","","","","","","","https://de.linkedin.com/company/samsung-germany","","","","","",""
"li-4146455323","linkedin","https://www.linkedin.com/jobs/view/4146455323","","Duales Studium Softwaretechnologie ‚Äì Data Science (m/w/d) 2025","Loh Services GmbH & Co. KG","Haiger, Hesse, Germany","","","","","","","","","","","","","","","https://de.linkedin.com/company/loh-services-gmbh-&-co-kg","","","","","",""
"li-4146899789","linkedin","https://www.linkedin.com/jobs/view/4146899789","","Duales Studium Softwaretechnologie ‚Äì Data Science (m/w/d) 2025","TieTalent","Haiger, Hesse, Germany","","","","","","","","","","","","","","","https://ch.linkedin.com/company/tietalent","","","","","",""
